                  epoch,         train/box_loss,         train/cls_loss,         train/dfl_loss,   metrics/precision(B),      metrics/recall(B),       metrics/mAP50(B),    metrics/mAP50-95(B),           val/box_loss,           val/cls_loss,           val/dfl_loss,                 lr/pg0,                 lr/pg1,                 lr/pg2
                      0,                 4.8682,                 17.877,                 4.1982,                0.06053,                0.00495,                0.00201,                0.00069,                 3.3883,                 19.395,                 3.0113,               0.070083,              0.0033242,              0.0033242
                      1,                 2.3165,                 4.5155,                 1.6847,                0.19747,                0.23698,                0.13193,                0.07936,                 1.5521,                  2.424,                  1.212,               0.040061,              0.0066355,              0.0066355
                      2,                 1.5926,                 2.9467,                  1.167,                  0.288,                0.35045,                0.21731,                0.13753,                 1.3134,                 2.2038,                 1.0712,               0.010017,              0.0099249,              0.0099249
                      3,                 1.3872,                 2.3462,                   1.06,                0.36902,                 0.4707,                0.33712,                0.21027,                  1.156,                 1.9553,                0.98904,               0.009901,               0.009901,               0.009901
                      4,                 1.2671,                 1.9579,                 1.0039,                 0.4571,                0.47345,                 0.3894,                0.25489,                 1.0628,                 1.5329,                0.96284,               0.009901,               0.009901,               0.009901
                      5,                 1.1789,                 1.6877,                0.98293,                0.40059,                0.54577,                0.44635,                 0.3029,                 1.0075,                 1.3894,                0.93514,               0.009868,               0.009868,               0.009868
                      6,                 1.1495,                   1.55,                0.96091,                0.38258,                0.54228,                0.46709,                0.32073,                0.99093,                   1.32,                0.92864,               0.009835,               0.009835,               0.009835
                      7,                 1.1016,                 1.4471,                0.94888,                0.44578,                0.60416,                0.51993,                0.36111,                0.97451,                  1.238,                0.92074,               0.009802,               0.009802,               0.009802
                      8,                  1.081,                 1.3657,                0.93819,                0.43791,                0.59331,                0.53511,                0.37197,                0.96778,                 1.1804,                0.91826,               0.009769,               0.009769,               0.009769
                      9,                 1.0635,                 1.2898,                0.92959,                0.51266,                0.61473,                0.58314,                0.41279,                0.94247,                 1.1293,                0.90761,               0.009736,               0.009736,               0.009736
                     10,                 1.0499,                 1.2538,                0.92864,                0.50282,                0.64437,                0.58632,                0.41798,                0.92636,                 1.0925,                0.90378,               0.009703,               0.009703,               0.009703
                     11,                 1.0451,                 1.2258,                0.92092,                0.54771,                0.64398,                0.62476,                0.44279,                0.93213,                 1.0636,                0.90271,                0.00967,                0.00967,                0.00967
                     12,                 1.0235,                  1.169,                0.92325,                0.56119,                0.68247,                0.62682,                0.44916,                 0.9093,                 1.0729,                0.90005,               0.009637,               0.009637,               0.009637
                     13,                 1.0067,                 1.1535,                0.91875,                0.54329,                 0.6695,                0.63381,                0.46045,                0.91049,                 1.0238,                0.89804,               0.009604,               0.009604,               0.009604
                     14,                 1.0026,                  1.113,                0.91094,                0.58255,                0.67033,                0.65617,                0.46975,                0.93646,                0.97656,                0.90255,               0.009571,               0.009571,               0.009571
                     15,                0.99434,                 1.0952,                0.91087,                   0.63,                0.65982,                0.67726,                 0.4919,                0.89398,                0.94198,                 0.8918,               0.009538,               0.009538,               0.009538
                     16,                0.99829,                 1.0589,                 0.9078,                0.61679,                0.68091,                0.68724,                0.50061,                0.89287,                 0.9307,                0.88954,               0.009505,               0.009505,               0.009505
                     17,                0.99648,                 1.0361,                0.90655,                0.64342,                0.70731,                0.72638,                0.53303,                0.88838,                0.88403,                0.88643,               0.009472,               0.009472,               0.009472
                     18,                0.97558,                 1.0049,                0.90571,                0.66733,                0.69681,                0.73268,                0.53997,                 0.8809,                0.88375,                0.88608,               0.009439,               0.009439,               0.009439
                     19,                0.98481,                0.99887,                0.90758,                0.66569,                0.70294,                 0.7275,                0.53113,                0.89079,                0.88035,                0.89055,               0.009406,               0.009406,               0.009406
                     20,                0.97207,                0.96643,                 0.9039,                0.71627,                0.70194,                0.76186,                0.56049,                0.88067,                0.82507,                0.88574,               0.009373,               0.009373,               0.009373
                     21,                0.96456,                0.96567,                0.90636,                0.68276,                0.71129,                0.75635,                0.55394,                0.88355,                0.83994,                0.88866,                0.00934,                0.00934,                0.00934
                     22,                0.96218,                 0.9387,                 0.8948,                0.74677,                0.71123,                0.77858,                0.57275,                0.87538,                0.80542,                0.88409,               0.009307,               0.009307,               0.009307
                     23,                 0.9485,                0.91542,                0.89623,                0.74345,                0.70157,                0.78136,                0.57662,                0.86809,                0.80591,                 0.8825,               0.009274,               0.009274,               0.009274
                     24,                 0.9488,                0.89962,                0.89758,                0.73018,                0.72537,                0.78457,                0.58252,                0.86607,                0.77101,                0.88001,               0.009241,               0.009241,               0.009241
                     25,                  0.952,                0.89283,                0.89662,                 0.7603,                 0.7267,                 0.8008,                0.59278,                0.86576,                0.76003,                0.87961,               0.009208,               0.009208,               0.009208
                     26,                0.94787,                0.88301,                0.89474,                0.78733,                0.72584,                0.81096,                0.60268,                0.86916,                0.73386,                0.88146,               0.009175,               0.009175,               0.009175
                     27,                0.94418,                 0.8488,                0.89212,                0.77759,                0.73529,                0.81506,                0.60435,                0.85844,                0.74342,                  0.877,               0.009142,               0.009142,               0.009142
                     28,                0.93953,                0.84997,                 0.8889,                 0.7596,                0.73358,                0.80844,                0.59768,                0.85962,                0.73949,                0.87708,               0.009109,               0.009109,               0.009109
                     29,                 0.9427,                0.83557,                0.89321,                0.77693,                0.74554,                 0.8288,                 0.6147,                0.85896,                0.71984,                0.87567,               0.009076,               0.009076,               0.009076
                     30,                0.93413,                0.82193,                0.88877,                0.80783,                0.74787,                0.83846,                0.62471,                 0.8501,                0.69585,                0.87538,               0.009043,               0.009043,               0.009043
                     31,                0.92995,                0.82093,                0.88966,                0.80876,                0.75135,                0.84321,                0.62759,                0.85668,                0.69103,                0.87443,                0.00901,                0.00901,                0.00901
                     32,                0.91919,                0.79042,                0.89111,                0.79397,                0.76249,                0.84478,                0.63062,                0.85112,                0.67955,                0.87614,               0.008977,               0.008977,               0.008977
                     33,                0.93796,                0.79063,                0.89101,                0.79684,                 0.7481,                0.83993,                0.62841,                0.84377,                 0.6908,                0.87328,               0.008944,               0.008944,               0.008944
                     34,                0.92171,                 0.7967,                0.89148,                0.81072,                0.75818,                0.84297,                0.62953,                0.84543,                0.67128,                0.87222,               0.008911,               0.008911,               0.008911
                     35,                0.91904,                0.77948,                0.88772,                0.81594,                0.76417,                0.85663,                0.63964,                0.84239,                0.65577,                0.87295,               0.008878,               0.008878,               0.008878
                     36,                0.92025,                0.76358,                0.88784,                0.82184,                0.76232,                0.85779,                0.64216,                0.84049,                0.65656,                0.86984,               0.008845,               0.008845,               0.008845
                     37,                 0.9069,                0.75676,                  0.887,                0.83104,                0.76475,                0.86041,                0.64369,                0.83907,                0.64728,                0.87459,               0.008812,               0.008812,               0.008812
                     38,                0.90849,                0.74191,                0.88678,                0.83016,                0.77071,                0.86646,                0.65039,                0.84287,                0.63861,                0.87249,               0.008779,               0.008779,               0.008779
                     39,                0.90786,                0.74251,                0.88724,                0.83292,                0.77992,                0.86616,                0.65101,                0.83636,                0.62698,                0.87144,               0.008746,               0.008746,               0.008746
                     40,                0.90928,                 0.7334,                0.88459,                0.84964,                0.75644,                0.86369,                0.64947,                0.83533,                0.62731,                0.86994,               0.008713,               0.008713,               0.008713
                     41,                0.90345,                0.72534,                0.88451,                0.83358,                0.77305,                0.86802,                0.65222,                0.83804,                0.62426,                0.87202,                0.00868,                0.00868,                0.00868
                     42,                 0.9088,                0.72389,                0.88225,                0.82973,                0.79518,                0.87553,                0.65698,                 0.8341,                0.61002,                0.86986,               0.008647,               0.008647,               0.008647
                     43,                0.90765,                0.72705,                0.88229,                0.82459,                0.80829,                 0.8782,                0.66058,                0.82767,                0.60676,                0.86793,               0.008614,               0.008614,               0.008614
                     44,                0.90151,                0.71965,                0.88557,                0.85075,                0.78991,                0.87953,                0.65952,                0.83304,                0.60183,                 0.8696,               0.008581,               0.008581,               0.008581
                     45,                0.89263,                0.69911,                0.88161,                0.82981,                0.79391,                0.87589,                0.65861,                0.82886,                0.60838,                0.86982,               0.008548,               0.008548,               0.008548
                     46,                0.89262,                0.70376,                0.88546,                0.83916,                0.79335,                0.88273,                0.66571,                0.82835,                0.59414,                0.86893,               0.008515,               0.008515,               0.008515
                     47,                0.89654,                0.69569,                0.88093,                0.85127,                0.79956,                0.88694,                0.66716,                0.82925,                0.59024,                0.86921,               0.008482,               0.008482,               0.008482
                     48,                0.89014,                0.67181,                0.88508,                0.86018,                0.79938,                0.88629,                0.67045,                0.82936,                0.58727,                0.86859,               0.008449,               0.008449,               0.008449
                     49,                0.88983,                0.67681,                0.88192,                0.84591,                0.80433,                0.88537,                0.67126,                0.82476,                0.57508,                 0.8682,               0.008416,               0.008416,               0.008416
                     50,                0.88469,                0.68064,                 0.8794,                0.86921,                0.78881,                0.89306,                0.67467,                  0.822,                0.57392,                0.86672,               0.008383,               0.008383,               0.008383
                     51,                0.89463,                0.66442,                0.88257,                0.85912,                0.79788,                0.89115,                0.67275,                0.82562,                0.57206,                0.86672,                0.00835,                0.00835,                0.00835
                     52,                0.87745,                0.66421,                0.87961,                0.86493,                0.79826,                0.89162,                0.67402,                0.82646,                0.57376,                0.86698,               0.008317,               0.008317,               0.008317
                     53,                0.88378,                0.65628,                0.88255,                0.85305,                0.80745,                0.89151,                0.67236,                0.82576,                0.57045,                0.86648,               0.008284,               0.008284,               0.008284
                     54,                0.88127,                0.66384,                0.87661,                0.87588,                0.79413,                 0.8965,                0.67782,                0.82299,                0.56415,                0.86572,               0.008251,               0.008251,               0.008251
                     55,                0.87631,                 0.6501,                0.87493,                0.86699,                 0.8129,                0.89716,                0.67716,                0.82034,                0.56263,                0.86526,               0.008218,               0.008218,               0.008218
                     56,                0.88633,                0.64519,                0.87976,                0.86708,                0.82137,                0.90661,                0.68668,                0.81399,                 0.5414,                0.86457,               0.008185,               0.008185,               0.008185
                     57,                 0.8776,                0.63885,                0.88132,                0.85654,                0.81472,                0.90192,                0.68531,                0.81726,                0.54562,                0.86508,               0.008152,               0.008152,               0.008152
                     58,                0.86625,                0.62601,                0.87403,                0.85395,                0.82327,                 0.9025,                0.68291,                0.81376,                0.54479,                0.86381,               0.008119,               0.008119,               0.008119
                     59,                0.87199,                0.63236,                0.87716,                0.87254,                0.82007,                0.90865,                  0.686,                 0.8184,                0.53933,                0.86487,               0.008086,               0.008086,               0.008086
                     60,                0.86775,                0.62812,                0.87455,                0.86959,                 0.8249,                0.90936,                0.69089,                0.81521,                0.53351,                0.86363,               0.008053,               0.008053,               0.008053
                     61,                0.86799,                0.62602,                0.87858,                0.87416,                 0.8184,                0.91161,                0.68889,                0.81516,                0.52846,                0.86488,                0.00802,                0.00802,                0.00802
                     62,                0.86524,                0.61611,                0.87287,                0.86932,                0.83238,                0.91147,                0.69251,                0.81373,                0.52357,                 0.8637,               0.007987,               0.007987,               0.007987
                     63,                0.85761,                 0.6085,                 0.8725,                 0.8669,                0.82835,                0.90805,                0.68973,                0.81031,                0.53112,                0.86202,               0.007954,               0.007954,               0.007954
                     64,                 0.8781,                0.61501,                 0.8772,                0.88022,                0.81664,                 0.9121,                0.69259,                0.81435,                0.52796,                0.86387,               0.007921,               0.007921,               0.007921
                     65,                0.86282,                0.60428,                0.87758,                0.88025,                0.82739,                0.91382,                0.69393,                0.81048,                0.52179,                0.86318,               0.007888,               0.007888,               0.007888
                     66,                0.87075,                0.60947,                0.87517,                0.85705,                0.85148,                0.91486,                0.69403,                0.81179,                0.52199,                0.86247,               0.007855,               0.007855,               0.007855
                     67,                0.86696,                0.61121,                0.87916,                0.87475,                0.83538,                0.91562,                0.69626,                0.80885,                 0.5196,                0.86304,               0.007822,               0.007822,               0.007822
                     68,                0.86032,                0.59211,                0.87425,                0.87012,                0.84016,                 0.9172,                0.69583,                0.81316,                0.52273,                0.86291,               0.007789,               0.007789,               0.007789
                     69,                0.85471,                0.59923,                0.87053,                0.86665,                 0.8458,                0.91708,                0.69675,                0.81109,                0.51683,                0.86213,               0.007756,               0.007756,               0.007756
                     70,                0.85399,                0.58804,                0.86975,                0.86885,                0.84585,                0.91786,                0.69457,                0.80966,                0.51387,                0.86196,               0.007723,               0.007723,               0.007723
                     71,                0.85546,                0.58823,                0.86966,                0.86539,                0.84534,                 0.9175,                0.69638,                0.80944,                0.52027,                0.86236,                0.00769,                0.00769,                0.00769
                     72,                0.86377,                0.58396,                0.87381,                0.88147,                0.84354,                0.92055,                0.69857,                 0.8095,                0.51197,                0.86239,               0.007657,               0.007657,               0.007657
                     73,                0.85815,                0.58424,                0.87366,                0.86358,                0.85224,                0.91944,                0.70005,                0.80668,                 0.5083,                0.86139,               0.007624,               0.007624,               0.007624
                     74,                0.85321,                0.58071,                0.87202,                0.87557,                0.83818,                0.91971,                0.69951,                0.80735,                0.51108,                0.86019,               0.007591,               0.007591,               0.007591
                     75,                0.84597,                 0.5656,                0.86774,                0.87373,                0.84735,                0.92141,                0.70091,                  0.809,                0.50376,                0.86135,               0.007558,               0.007558,               0.007558
                     76,                0.84286,                0.57603,                0.87478,                0.87436,                0.85028,                 0.9215,                 0.7038,                0.80501,                 0.5012,                0.86145,               0.007525,               0.007525,               0.007525
                     77,                0.84741,                0.57369,                 0.8675,                0.87249,                0.85332,                0.92307,                0.70248,                0.80639,                0.50152,                0.86138,               0.007492,               0.007492,               0.007492
                     78,                0.84277,                0.56556,                0.87054,                0.88035,                0.85251,                0.92376,                0.70278,                0.80237,                0.50155,                0.86027,               0.007459,               0.007459,               0.007459
                     79,                0.84162,                0.56042,                0.87264,                0.88596,                0.85262,                0.92615,                0.70548,                0.80233,                0.49608,                0.86118,               0.007426,               0.007426,               0.007426
                     80,                0.84306,                 0.5562,                0.87108,                 0.8867,                0.85168,                0.92722,                0.70796,                0.80305,                0.49165,                0.86034,               0.007393,               0.007393,               0.007393
                     81,                0.84693,                0.56195,                0.86898,                0.87868,                0.86348,                0.92845,                0.70665,                0.80773,                0.49112,                0.86061,                0.00736,                0.00736,                0.00736
                     82,                0.84897,                0.55088,                0.87083,                0.89143,                0.85889,                0.92962,                0.70958,                0.80455,                 0.4908,                0.86057,               0.007327,               0.007327,               0.007327
                     83,                0.83667,                 0.5476,                0.87096,                0.87484,                 0.8616,                0.92899,                0.70899,                0.80248,                0.48869,                0.86061,               0.007294,               0.007294,               0.007294
                     84,                0.84673,                0.55197,                0.86849,                0.88327,                0.86283,                0.93085,                0.70946,                0.80568,                0.48239,                0.86063,               0.007261,               0.007261,               0.007261
                     85,                0.83695,                 0.5498,                0.86781,                0.87745,                0.86685,                0.92947,                0.70787,                0.80489,                0.48556,                0.86058,               0.007228,               0.007228,               0.007228
                     86,                0.83467,                0.54114,                0.86953,                0.88673,                0.86138,                0.92906,                0.70892,                0.80644,                 0.4887,                0.85972,               0.007195,               0.007195,               0.007195
                     87,                 0.8264,                0.53754,                0.86458,                0.88496,                0.86805,                0.93082,                0.71074,                0.80519,                0.48535,                0.85971,               0.007162,               0.007162,               0.007162
                     88,                0.83747,                0.54288,                0.86329,                0.88841,                0.85694,                0.93054,                0.70961,                0.80147,                0.48362,                   0.86,               0.007129,               0.007129,               0.007129
                     89,                0.83836,                0.54149,                0.87142,                0.89094,                0.86112,                0.93107,                0.71016,                0.80021,                0.48256,                0.85935,               0.007096,               0.007096,               0.007096
                     90,                0.83418,                0.54571,                0.86995,                 0.8904,                0.86261,                0.93226,                0.71378,                0.79914,                0.48198,                0.85992,               0.007063,               0.007063,               0.007063
                     91,                0.83687,                0.53784,                0.86596,                0.89267,                0.86354,                0.93339,                0.71514,                 0.7983,                0.47666,                0.85867,                0.00703,                0.00703,                0.00703
                     92,                0.82867,                0.53046,                0.86574,                0.89634,                0.86168,                0.93474,                0.71349,                0.80233,                0.47479,                0.85936,               0.006997,               0.006997,               0.006997
                     93,                0.83441,                0.53646,                0.86453,                 0.8953,                0.86393,                0.93384,                0.71258,                0.80351,                  0.479,                0.85906,               0.006964,               0.006964,               0.006964
                     94,                0.82189,                0.53021,                0.86709,                0.89762,                0.85927,                0.93333,                0.71433,                0.80177,                0.47672,                0.85912,               0.006931,               0.006931,               0.006931
                     95,                0.81544,                0.52109,                0.86643,                0.86939,                0.88261,                 0.9344,                0.71253,                0.80173,                 0.4735,                0.85932,               0.006898,               0.006898,               0.006898
                     96,                0.81824,                0.51938,                0.86131,                0.89174,                0.87114,                0.93612,                0.71363,                0.80288,                0.47284,                0.85957,               0.006865,               0.006865,               0.006865
                     97,                0.82913,                0.53342,                0.86414,                0.88462,                0.87667,                 0.9349,                0.71304,                 0.8017,                0.47426,                0.85939,               0.006832,               0.006832,               0.006832
                     98,                0.80743,                0.51164,                0.86046,                0.88386,                0.87574,                0.93523,                0.71337,                0.80243,                0.47534,                 0.8589,               0.006799,               0.006799,               0.006799
                     99,                0.82099,                0.51522,                0.86028,                0.88315,                0.87168,                0.93616,                0.71622,                 0.7999,                0.47316,                0.85835,               0.006766,               0.006766,               0.006766
                    100,                0.81395,                0.51028,                0.86108,                0.89525,                 0.8629,                0.93724,                0.71827,                0.79858,                0.46708,                0.85785,               0.006733,               0.006733,               0.006733
                    101,                0.82015,                0.51559,                0.86871,                0.89498,                0.86568,                0.93804,                0.71806,                0.79893,                 0.4649,                  0.858,                 0.0067,                 0.0067,                 0.0067
                    102,                0.81443,                 0.5102,                0.86119,                0.88837,                0.87601,                0.93978,                0.71932,                0.79874,                0.46251,                0.85795,               0.006667,               0.006667,               0.006667
                    103,                0.81684,                0.50706,                0.86392,                0.89422,                0.87448,                0.93933,                0.71992,                0.79508,                0.46326,                0.85761,               0.006634,               0.006634,               0.006634
                    104,                0.81482,                0.50948,                0.86503,                0.90234,                0.86519,                0.93912,                0.72011,                0.79607,                0.46177,                0.85735,               0.006601,               0.006601,               0.006601
                    105,                0.80911,                0.50032,                0.86199,                0.89684,                0.86884,                0.93805,                0.71891,                0.79701,                0.46099,                0.85759,               0.006568,               0.006568,               0.006568
                    106,                0.81846,                0.50301,                0.86365,                0.89763,                0.86905,                0.93832,                0.72033,                0.79475,                0.46127,                0.85705,               0.006535,               0.006535,               0.006535
                    107,                0.81538,                 0.5079,                0.86102,                0.89953,                0.87282,                0.93818,                0.72128,                 0.7961,                0.46319,                0.85843,               0.006502,               0.006502,               0.006502
                    108,                0.80726,                0.49744,                0.86095,                0.90328,                0.86974,                0.94013,                0.72207,                0.79652,                0.45935,                0.85825,               0.006469,               0.006469,               0.006469
                    109,                 0.8067,                0.48886,                0.86403,                0.90627,                0.86592,                 0.9404,                 0.7213,                0.79711,                 0.4592,                 0.8578,               0.006436,               0.006436,               0.006436
                    110,                0.80617,                0.49456,                0.85905,                0.90758,                0.86735,                0.94108,                0.72092,                0.79621,                0.45672,                0.85818,               0.006403,               0.006403,               0.006403
                    111,                0.80232,                0.49009,                0.86246,                0.90377,                0.86928,                0.94066,                0.72099,                0.79579,                0.45888,                0.85767,                0.00637,                0.00637,                0.00637
                    112,                0.79644,                0.48916,                0.86071,                0.90585,                0.86856,                0.94123,                0.72026,                0.79471,                0.45812,                0.85758,               0.006337,               0.006337,               0.006337
                    113,                0.79347,                0.48064,                0.86157,                0.91127,                0.86814,                0.94138,                0.72126,                0.79579,                0.45764,                0.85714,               0.006304,               0.006304,               0.006304
                    114,                 0.8127,                0.49456,                0.86367,                0.89274,                0.88242,                0.94183,                0.72204,                0.79674,                0.45771,                0.85727,               0.006271,               0.006271,               0.006271
                    115,                 0.8056,                0.49161,                0.86192,                 0.9001,                 0.8781,                0.94158,                0.72153,                 0.7969,                 0.4595,                0.85721,               0.006238,               0.006238,               0.006238
                    116,                0.80405,                0.48078,                0.85776,                 0.9103,                0.87069,                0.94265,                0.72222,                0.79675,                0.45668,                0.85715,               0.006205,               0.006205,               0.006205
                    117,                0.79923,                0.48055,                0.85736,                0.90281,                0.87599,                0.94297,                0.72236,                0.79456,                0.45276,                0.85704,               0.006172,               0.006172,               0.006172
                    118,                0.80073,                0.48007,                0.85968,                0.90657,                0.87302,                0.94384,                0.72361,                0.79459,                 0.4517,                0.85705,               0.006139,               0.006139,               0.006139
                    119,                0.79053,                0.47562,                0.85511,                0.91582,                 0.8606,                0.94349,                0.72374,                0.79434,                0.45141,                0.85683,               0.006106,               0.006106,               0.006106
                    120,                0.78809,                0.46965,                0.85382,                0.91086,                0.86771,                0.94399,                0.72308,                0.79382,                0.45111,                0.85641,               0.006073,               0.006073,               0.006073
                    121,                0.79022,                0.47356,                0.85436,                0.89818,                0.87915,                0.94393,                0.72432,                0.79422,                0.45077,                 0.8565,                0.00604,                0.00604,                0.00604
                    122,                0.78928,                0.47658,                 0.8532,                0.89497,                 0.8814,                0.94456,                0.72471,                0.79377,                0.45021,                0.85637,               0.006007,               0.006007,               0.006007
                    123,                0.78908,                0.47181,                0.85573,                0.91896,                0.86187,                0.94508,                0.72587,                0.79253,                0.44916,                0.85643,               0.005974,               0.005974,               0.005974
                    124,                0.79132,                0.46979,                0.85842,                0.91413,                0.86877,                0.94556,                0.72716,                0.79241,                0.44784,                0.85644,               0.005941,               0.005941,               0.005941
                    125,                0.78514,                0.46749,                0.85606,                0.90864,                0.87533,                0.94529,                0.72644,                0.79184,                0.44805,                 0.8565,               0.005908,               0.005908,               0.005908
                    126,                0.78347,                0.46365,                0.85219,                0.91182,                0.87375,                 0.9454,                0.72691,                0.79223,                0.44876,                0.85652,               0.005875,               0.005875,               0.005875
                    127,                0.78605,                0.46517,                0.85811,                0.90391,                0.87981,                0.94552,                0.72686,                0.79416,                0.44873,                0.85652,               0.005842,               0.005842,               0.005842
                    128,                0.77353,                0.46065,                0.85644,                0.90564,                0.87954,                 0.9451,                0.72559,                0.79621,                0.44964,                0.85674,               0.005809,               0.005809,               0.005809
                    129,                0.78197,                0.46052,                0.85675,                0.89781,                0.89165,                0.94529,                0.72514,                0.79657,                  0.448,                0.85709,               0.005776,               0.005776,               0.005776
                    130,                0.77713,                0.45993,                0.85494,                0.90017,                0.89226,                0.94611,                 0.7259,                0.79621,                0.44844,                0.85694,               0.005743,               0.005743,               0.005743
                    131,                0.77979,                0.46138,                0.85478,                0.90214,                0.88689,                0.94575,                 0.7253,                0.79596,                0.44904,                0.85703,                0.00571,                0.00571,                0.00571
                    132,                0.77479,                0.45674,                0.85277,                0.90611,                0.88451,                0.94543,                0.72511,                0.79582,                0.44925,                0.85716,               0.005677,               0.005677,               0.005677
                    133,                0.77809,                0.45917,                0.85656,                0.91149,                 0.8824,                0.94566,                0.72492,                0.79507,                0.44911,                0.85702,               0.005644,               0.005644,               0.005644
                    134,                0.77579,                0.45671,                0.85114,                0.91393,                0.87813,                0.94587,                0.72554,                0.79478,                0.44829,                0.85691,               0.005611,               0.005611,               0.005611
                    135,                0.77922,                0.45776,                  0.851,                 0.9144,                 0.8787,                0.94592,                0.72706,                0.79433,                 0.4468,                0.85683,               0.005578,               0.005578,               0.005578
                    136,                 0.7664,                0.44815,                0.85077,                 0.9142,                0.87537,                0.94605,                0.72704,                0.79422,                0.44695,                0.85691,               0.005545,               0.005545,               0.005545
                    137,                0.76886,                0.44336,                0.85535,                0.91438,                0.87826,                0.94592,                0.72662,                0.79442,                0.44685,                0.85699,               0.005512,               0.005512,               0.005512
                    138,                0.76449,                0.44581,                0.85128,                 0.9145,                0.87911,                0.94647,                0.72798,                0.79371,                0.44401,                0.85728,               0.005479,               0.005479,               0.005479
                    139,                0.76563,                  0.445,                0.85175,                0.91512,                0.87941,                0.94664,                0.72824,                0.79429,                0.44324,                0.85709,               0.005446,               0.005446,               0.005446
                    140,                0.76452,                0.44791,                0.84807,                0.91089,                 0.8851,                0.94641,                0.72773,                0.79457,                0.44366,                0.85696,               0.005413,               0.005413,               0.005413
                    141,                0.76789,                0.44581,                0.85206,                0.91131,                 0.8836,                0.94658,                0.72815,                0.79542,                0.44356,                 0.8569,                0.00538,                0.00538,                0.00538
                    142,                0.76094,                0.44163,                0.84898,                0.91084,                0.88355,                0.94679,                0.72825,                 0.7948,                0.44293,                0.85698,               0.005347,               0.005347,               0.005347
                    143,                  0.761,                0.43356,                 0.8486,                0.91123,                0.88664,                0.94694,                0.72847,                 0.7954,                0.44168,                0.85703,               0.005314,               0.005314,               0.005314
                    144,                0.74851,                 0.4315,                0.85045,                0.91204,                0.88449,                 0.9469,                0.72889,                0.79588,                0.44181,                0.85715,               0.005281,               0.005281,               0.005281
                    145,                0.75735,                0.44269,                0.84769,                0.91246,                0.88293,                0.94665,                  0.729,                0.79617,                0.44119,                0.85706,               0.005248,               0.005248,               0.005248
                    146,                0.75947,                 0.4402,                0.85071,                0.91458,                0.88205,                0.94686,                0.72947,                0.79654,                0.44127,                0.85702,               0.005215,               0.005215,               0.005215
                    147,                 0.7523,                0.43255,                0.84609,                 0.9129,                0.88408,                0.94717,                0.73022,                0.79656,                0.44113,                0.85703,               0.005182,               0.005182,               0.005182
                    148,                0.75002,                0.42749,                0.84956,                0.91007,                0.88652,                0.94729,                0.73041,                0.79676,                0.44042,                0.85709,               0.005149,               0.005149,               0.005149
                    149,                0.74715,                  0.426,                0.84527,                0.91269,                0.88546,                0.94746,                0.73059,                0.79702,                 0.4405,                0.85715,               0.005116,               0.005116,               0.005116
                    150,                0.75179,                0.43585,                0.84928,                0.91357,                0.88637,                0.94748,                 0.7298,                0.79746,                0.44097,                0.85739,               0.005083,               0.005083,               0.005083
                    151,                0.74803,                0.42538,                0.84875,                0.90898,                0.89159,                0.94786,                 0.7306,                0.79681,                0.44103,                0.85738,                0.00505,                0.00505,                0.00505
                    152,                0.73432,                0.42058,                0.84574,                0.90833,                0.89212,                0.94811,                0.72998,                0.79711,                0.44085,                0.85746,               0.005017,               0.005017,               0.005017
                    153,                0.74022,                0.42291,                0.84467,                0.90638,                0.89405,                0.94811,                0.73004,                0.79722,                0.44061,                0.85769,               0.004984,               0.004984,               0.004984
                    154,                0.74677,                0.42114,                0.84841,                0.90523,                0.89531,                0.94855,                0.73038,                0.79719,                0.44017,                0.85763,               0.004951,               0.004951,               0.004951
                    155,                0.74686,                0.42262,                0.84741,                0.90574,                0.89457,                0.94848,                0.73062,                0.79696,                0.44012,                0.85762,               0.004918,               0.004918,               0.004918
                    156,                0.74218,                0.42815,                0.84561,                0.90513,                0.89336,                0.94827,                0.73087,                0.79678,                0.44064,                0.85766,               0.004885,               0.004885,               0.004885
                    157,                0.73373,                0.41085,                0.84523,                0.91024,                0.89007,                0.94829,                0.73113,                0.79675,                0.44063,                0.85766,               0.004852,               0.004852,               0.004852
                    158,                0.73697,                0.41702,                0.84618,                0.90768,                0.89186,                0.94814,                0.73048,                0.79621,                0.44088,                0.85775,               0.004819,               0.004819,               0.004819
                    159,                0.73021,                0.41463,                0.84321,                0.90808,                0.89252,                 0.9481,                0.73125,                0.79632,                0.44001,                0.85784,               0.004786,               0.004786,               0.004786
                    160,                0.73598,                0.41644,                0.84598,                0.90913,                0.89266,                0.94815,                 0.7312,                0.79634,                 0.4389,                0.85784,               0.004753,               0.004753,               0.004753
                    161,                0.72927,                0.41406,                0.84127,                0.91018,                0.89005,                0.94823,                0.73062,                 0.7964,                0.43993,                0.85787,                0.00472,                0.00472,                0.00472
                    162,                 0.7343,                0.41313,                0.84156,                0.90706,                0.89222,                0.94818,                0.73048,                0.79612,                0.43982,                0.85787,               0.004687,               0.004687,               0.004687
                    163,                0.72937,                0.41384,                0.84377,                0.90788,                0.89272,                0.94839,                0.73073,                0.79667,                0.44045,                0.85797,               0.004654,               0.004654,               0.004654
                    164,                0.72852,                0.41363,                0.84033,                0.90699,                0.89312,                0.94836,                0.73054,                0.79741,                0.43979,                0.85802,               0.004621,               0.004621,               0.004621
                    165,                0.71988,                0.40589,                0.84174,                 0.9047,                 0.8953,                0.94832,                0.72994,                0.79788,                0.44029,                0.85809,               0.004588,               0.004588,               0.004588
                    166,                0.72024,                 0.4073,                0.84189,                0.90402,                0.89592,                0.94834,                 0.7307,                0.79767,                 0.4395,                0.85799,               0.004555,               0.004555,               0.004555
                    167,                0.72476,                0.41085,                0.84166,                0.90735,                0.89169,                0.94828,                0.73099,                0.79758,                0.43937,                0.85798,               0.004522,               0.004522,               0.004522
                    168,                0.71655,                0.39883,                0.83855,                0.91107,                0.88844,                0.94835,                0.73055,                 0.7978,                0.43916,                0.85791,               0.004489,               0.004489,               0.004489
                    169,                0.71785,                0.40598,                0.83948,                0.91368,                0.88586,                0.94844,                0.73025,                0.79818,                0.43843,                0.85794,               0.004456,               0.004456,               0.004456
                    170,                0.71356,                0.39442,                0.83835,                0.91666,                0.88233,                 0.9484,                 0.7303,                0.79813,                0.43801,                 0.8579,               0.004423,               0.004423,               0.004423
                    171,                0.71231,                0.40098,                0.83605,                0.91521,                0.88465,                0.94835,                 0.7305,                0.79852,                0.43793,                0.85787,                0.00439,                0.00439,                0.00439
                    172,                0.71339,                 0.4016,                0.83862,                0.91741,                0.88276,                0.94827,                0.73052,                0.79864,                0.43724,                0.85791,               0.004357,               0.004357,               0.004357
                    173,                0.71877,                0.39882,                0.83902,                0.91482,                 0.8863,                0.94828,                0.73061,                0.79873,                0.43698,                0.85788,               0.004324,               0.004324,               0.004324
                    174,                0.71678,                0.39716,                0.84288,                0.91446,                0.88629,                0.94813,                0.73096,                0.79844,                0.43673,                 0.8579,               0.004291,               0.004291,               0.004291
                    175,                0.69952,                0.39296,                0.83538,                0.91484,                0.88587,                0.94825,                0.73079,                0.79866,                0.43629,                0.85796,               0.004258,               0.004258,               0.004258
                    176,                 0.7119,                0.39384,                0.84073,                0.91533,                0.88538,                0.94834,                0.73084,                0.79863,                0.43527,                0.85793,               0.004225,               0.004225,               0.004225
                    177,                0.70826,                  0.398,                0.83481,                0.91379,                0.88726,                0.94816,                0.73034,                0.79884,                0.43532,                 0.8579,               0.004192,               0.004192,               0.004192
                    178,                0.70087,                0.39376,                0.83747,                0.90007,                0.90209,                0.94822,                0.73051,                0.79891,                0.43548,                0.85797,               0.004159,               0.004159,               0.004159
                    179,                0.69724,                0.39213,                0.83664,                0.90715,                0.89598,                0.94823,                0.73076,                 0.7988,                0.43644,                0.85803,               0.004126,               0.004126,               0.004126
                    180,                0.70459,                0.39675,                0.83424,                0.90364,                0.89996,                 0.9482,                0.73061,                 0.7989,                 0.4354,                0.85804,               0.004093,               0.004093,               0.004093
                    181,                0.70679,                  0.391,                0.83673,                0.90426,                 0.8985,                0.94822,                0.73066,                0.79889,                0.43568,                0.85812,                0.00406,                0.00406,                0.00406
                    182,                0.69848,                0.38675,                0.83738,                0.90294,                0.90067,                0.94859,                0.73087,                0.79931,                0.43527,                0.85818,               0.004027,               0.004027,               0.004027
                    183,                0.70297,                0.39588,                0.83705,                0.90227,                 0.9008,                0.94858,                0.73131,                0.79942,                0.43492,                0.85828,               0.003994,               0.003994,               0.003994
                    184,                0.69401,                0.38607,                 0.8339,                0.90245,                 0.8998,                0.94854,                0.73046,                0.79951,                0.43509,                0.85824,               0.003961,               0.003961,               0.003961
                    185,                0.69517,                0.38548,                0.83598,                0.90224,                0.90019,                0.94853,                0.73059,                0.80024,                0.43434,                0.85826,               0.003928,               0.003928,               0.003928
                    186,                 0.6945,                0.38433,                  0.834,                0.90148,                0.90103,                0.94847,                0.73006,                0.80034,                0.43471,                0.85834,               0.003895,               0.003895,               0.003895
                    187,                0.69236,                 0.3841,                 0.8363,                0.90022,                0.90129,                0.94857,                0.72976,                0.79994,                0.43447,                0.85835,               0.003862,               0.003862,               0.003862
                    188,                0.69098,                0.38575,                0.83276,                0.90108,                0.90276,                0.94854,                 0.7302,                 0.8003,                0.43447,                0.85837,               0.003829,               0.003829,               0.003829
                    189,                0.67867,                0.37455,                0.83305,                0.90136,                0.90381,                 0.9487,                0.73042,                0.80051,                0.43366,                0.85837,               0.003796,               0.003796,               0.003796
                    190,                0.67903,                0.37433,                0.83063,                0.90171,                0.90344,                0.94872,                0.73019,                0.80045,                0.43374,                0.85833,               0.003763,               0.003763,               0.003763
                    191,                 0.6793,                0.37092,                0.83215,                0.90131,                0.90362,                0.94852,                0.73039,                0.79971,                0.43447,                0.85828,                0.00373,                0.00373,                0.00373
                    192,                0.66703,                0.37242,                0.82757,                0.90292,                 0.9012,                 0.9487,                0.73038,                0.80017,                0.43462,                0.85833,               0.003697,               0.003697,               0.003697
                    193,                0.67518,                0.37515,                0.83374,                0.90335,                0.90156,                0.94871,                0.73061,                 0.8003,                0.43412,                 0.8584,               0.003664,               0.003664,               0.003664
                    194,                0.67705,                0.37401,                0.83191,                 0.9026,                0.90196,                0.94844,                0.73018,                0.80121,                0.43444,                0.85838,               0.003631,               0.003631,               0.003631
                    195,                0.67751,                0.37383,                0.82816,                0.90107,                0.90457,                0.94865,                0.72964,                0.80127,                0.43449,                0.85837,               0.003598,               0.003598,               0.003598
                    196,                0.67971,                0.37499,                 0.8325,                0.89993,                0.90603,                0.94871,                0.72975,                0.80126,                0.43449,                0.85834,               0.003565,               0.003565,               0.003565
                    197,                0.67378,                0.36985,                0.82971,                0.89959,                 0.9065,                0.94877,                0.72971,                0.80132,                0.43477,                0.85837,               0.003532,               0.003532,               0.003532
                    198,                0.66532,                0.36825,                0.83044,                0.89829,                0.90712,                0.94874,                0.72996,                0.80124,                0.43482,                0.85842,               0.003499,               0.003499,               0.003499
                    199,                 0.6679,                0.36716,                0.83069,                0.89832,                 0.9068,                0.94875,                0.72991,                0.80112,                0.43508,                0.85844,               0.003466,               0.003466,               0.003466
                    200,                0.66606,                 0.3656,                0.82869,                0.89941,                 0.9064,                0.94891,                 0.7302,                0.80126,                0.43502,                0.85849,               0.003433,               0.003433,               0.003433
                    201,                0.66928,                0.36482,                0.83003,                0.89942,                0.90615,                0.94895,                0.73041,                0.80125,                0.43499,                0.85855,                 0.0034,                 0.0034,                 0.0034
                    202,                0.66469,                0.36286,                0.82597,                0.89994,                0.90521,                0.94893,                0.73028,                0.80114,                0.43456,                0.85855,               0.003367,               0.003367,               0.003367
                    203,                0.65917,                0.35901,                0.82571,                0.90073,                0.90456,                0.94895,                0.73006,                0.80117,                0.43468,                0.85855,               0.003334,               0.003334,               0.003334
                    204,                0.65707,                0.36311,                0.82525,                0.90051,                0.90444,                0.94907,                0.73001,                0.80142,                0.43499,                 0.8586,               0.003301,               0.003301,               0.003301
                    205,                0.65533,                0.35926,                0.82682,                0.90059,                0.90443,                0.94911,                 0.7303,                0.80155,                0.43464,                 0.8586,               0.003268,               0.003268,               0.003268
                    206,                0.64978,                0.35594,                0.82553,                 0.9039,                0.90135,                 0.9491,                0.73016,                 0.8014,                0.43474,                0.85863,               0.003235,               0.003235,               0.003235
                    207,                0.64898,                0.35444,                0.82621,                0.90337,                 0.9009,                0.94917,                0.73017,                0.80143,                0.43481,                0.85867,               0.003202,               0.003202,               0.003202
                    208,                0.65842,                0.36163,                0.82569,                0.90444,                0.89943,                0.94917,                0.73014,                0.80171,                0.43516,                0.85869,               0.003169,               0.003169,               0.003169
                    209,                0.65473,                0.35825,                0.82344,                0.90413,                0.89935,                0.94937,                0.73009,                0.80164,                0.43497,                0.85872,               0.003136,               0.003136,               0.003136
                    210,                0.64021,                0.35097,                0.82513,                 0.9051,                0.89814,                0.94918,                0.73024,                0.80183,                0.43504,                0.85872,               0.003103,               0.003103,               0.003103
                    211,                0.63986,                0.34893,                0.82082,                0.89692,                0.90777,                0.94938,                0.72996,                 0.8021,                0.43516,                0.85879,                0.00307,                0.00307,                0.00307
                    212,                0.64965,                0.35409,                0.82665,                0.89473,                0.90942,                0.94916,                0.72997,                0.80207,                0.43538,                0.85878,               0.003037,               0.003037,               0.003037
                    213,                0.63464,                0.34743,                0.82449,                0.89555,                0.90943,                0.94937,                0.72969,                0.80237,                0.43534,                0.85882,               0.003004,               0.003004,               0.003004
                    214,                0.64302,                0.35626,                0.82385,                0.89539,                0.90996,                0.94941,                0.72973,                0.80216,                0.43539,                0.85879,               0.002971,               0.002971,               0.002971
                    215,                0.64912,                0.35019,                 0.8246,                0.89493,                0.91116,                0.94947,                0.72947,                0.80238,                0.43512,                0.85884,               0.002938,               0.002938,               0.002938
                    216,                0.64698,                0.35214,                0.82097,                0.89546,                0.91039,                0.94945,                0.72958,                0.80251,                0.43533,                0.85888,               0.002905,               0.002905,               0.002905
                    217,                0.63456,                0.34389,                0.82152,                0.89616,                0.90946,                0.94941,                0.72981,                 0.8026,                0.43615,                0.85886,               0.002872,               0.002872,               0.002872
                    218,                0.63467,                0.34927,                0.81921,                0.89601,                0.90929,                0.94939,                0.73018,                0.80279,                0.43637,                 0.8589,               0.002839,               0.002839,               0.002839
                    219,                 0.6289,                0.34453,                 0.8223,                0.89643,                0.90943,                0.94941,                0.73024,                0.80253,                0.43639,                0.85893,               0.002806,               0.002806,               0.002806
                    220,                0.62794,                0.34133,                 0.8239,                 0.8962,                0.90856,                 0.9493,                0.72971,                0.80252,                0.43614,                0.85887,               0.002773,               0.002773,               0.002773
                    221,                0.62682,                0.34208,                0.82228,                0.89636,                0.90939,                0.94931,                0.72977,                 0.8029,                0.43686,                0.85894,                0.00274,                0.00274,                0.00274
                    222,                0.63199,                0.34353,                0.82102,                0.89666,                 0.9084,                0.94924,                 0.7297,                0.80286,                0.43667,                0.85896,               0.002707,               0.002707,               0.002707
                    223,                0.61724,                0.34004,                0.82226,                0.89666,                0.90847,                0.94918,                0.72994,                 0.8028,                0.43697,                0.85897,               0.002674,               0.002674,               0.002674
